type	dataset_uuid	dataset_source_repo	dataset_title	description	dataset_source_id	dataset_source_url	PI_name	GPA	dataset_doc	dataset_pmid	funding_source	release_date	limitations_for_reuse	assay_method	study_type	primary_disease	participant_count	sample_count	study_links	related_genes	related_diseases	related_terms	dataset_year_enrollment_started	dataset_year_enrollment_ended	dataset_minimum_age_at_baseline	dataset_maximum_age_at_baseline
dataset	b0f70ff6-a21f-5a8d-a957-29eb19a19f53	DCEG Cohorts	Agricultural Health Study (AHS)	The Agricultural Health Study (AHS) is a prospective study of cancer and other health outcomes in a cohort of licensed pesticide applicators and their spouses from Iowa and North Carolina. The AHS began in 1993 with the goal of answering important questions about how agricultural, lifestyle and genetic factors affect the health of farming populations. The Agricultural Health Study is funded by the National Cancer Institute and the National Institute of Environmental Health Sciences in collaboration with the United States Environmental Protection Agency. The National Institute for Occupational Safety and Health has previously played an important role in the study. More than 89,000 farmers and their spouses in Iowa and North Carolina have participated in the study. Their participation has provided, and continues to provide, the data that researchers need to help the current and future generations of farmers and their families live healthier lives.	DCEG_001	https://dceg.cancer.gov/research/who-we-study/cohorts/agricultural-health-study	Jonathan Hofmann		Division of Cancer Epidemiology & Genetics (DCEG)	8732939;38055050;38055049;36629488;29155945;11805592;12198579;19888312;32168021					Etiology	Multiple Cancer Types	89656		http://aghealth.nih.gov/;https://aghealth.nih.gov/news/publications.html				1993	1997	30	64
dataset	ba4cc04d-c7a9-53c0-a0c9-d78acac8f2fc	DCEG Cohorts	Alpha-Tocopherol Beta-Carotene Cancer Prevention Study	The Alpha-Tocopherol, Beta-Carotene Cancer Prevention (ATBC) Study was conducted in Finland as a joint project between the National Public Health Institute of Finland and the NCI. The overall design, rationale, objectives, and initial results of this intervention study have been published (Ann Epidemiol 1994 Jan;4(1):1-10). Briefly, this was a randomized, double-blind, placebo-controlled, primary prevention trial to determine whether daily supplementation with alpha-tocopherol, beta-carotene, or both would reduce the incidence of lung or other cancers among male smokers.  A total of 29,133 men between the ages of 50 and 69 years, who smoked at least five cigarettes per day, were recruited from southwestern Finland between 1985 and 1988, and randomly assigned to one of four groups based on a 2x2 factorial design. Men who had prior cancer or serious illness or who reported current use of vitamins E (>20 mg/day), A (>20,000 IU/day), or beta-carotene (>6 mg/day) were ineligible. Participants received either alpha-tocopherol (50 mg/day) as dl-alpha-tocopheryl acetate, beta-carotene (20 mg/day) as all-trans-beta-carotene, both supplements, or placebo capsules for 5 to 8 years (median 6.1 years) until death or trial closure (April 30, 1993).  The study was approved by the institutional review boards of the NCI and the National Public Health Institute of Finland, and written informed consent was obtained from each participant before randomization. Post-intervention follow-up has continued through the Finnish Cancer Registry with cancer data available through 2012 and mortality data through 2013. Analyses based on biospecimens and questionnaire data collected during the parent study are ongoing and focus on the roles of micronutrients, diet, energy balance and growth factors, genetic variants, and other factors in prostate, lung, pancreatic, colorectal, kidney, bladder, upper gastrointestinal, lymphatic, and other cancers.	DCEG_002	https://dceg.cancer.gov/research/who-we-study/cohorts/alpha-tocopherol-beta-carotene-cancer-prevention-atbc-study	Demetrius Albanes		Division of Cancer Epidemiology & Genetics (DCEG)	35322169;38268471;36516224;31612201;29889248;29390044;29720370;28878287;28814486;27524818	Z01CP010195				Etiology	Multiple Cancer Types	29133						1985	1988	50	69
dataset	988ede1d-cc1f-5b22-8fff-8616807e469b	DCEG Cohorts	Chornobyl Tissue Bank (CTB)	The Chornobyl Tissue Bank (CTB) was established in October of 1998 as a resource to collect, document, store, and issue to bona fide researchers, biological samples donated by patients with thyroid tumors who live in the vicinity of the site of the Chornobyl Nuclear Power Plant. The CTB is a unique international cooperation that seeks to establish a collection of biological samples from tumors and normal tissues from patients with a known exposure to radioiodine in childhood.	DCEG_003	https://dceg.cancer.gov/tools/public-data/chornobyl-tissue-bank	Lindsay Morton		Division of Cancer Epidemiology & Genetics (DCEG)	33888597;33888599	P01CA240239;R01CA222092;U01CA097096				Biorepository	Thyroid Cancer	440		https://chernobyltissuebank.cancer.gov/				1998		10	45
dataset	3ed7e73f-dee5-59bb-8a03-f9c305acb975	DCEG Cohorts	Confluence Project	The Confluence project will develop a large research resource to uncover breast cancer genetics through genome-wide association studies (GWAS). The resource will include at least 300,000 breast cancer cases and 300,000 controls of different races/ethnicities. This will be accomplished by the confluence of existing GWAS and new genome-wide genotyping data to be generated through this project.	DCEG_004	https://dceg.cancer.gov/research/cancer-types/breast-cancer/confluence-project	Thomas Ahearn		Division of Cancer Epidemiology & Genetics (DCEG)						Etiology	Breast Cancer	315691		https://epidataplatforms.cancer.gov/confluence/#home							
dataset	72abdb6a-38f5-5cf1-a63f-a03023f2af70	DCEG Cohorts	Costa Rica HPV Vaccine Trial (CVT)	The original Costa Rica Human Papillomavirus (HPV) Vaccine Trial was a collaboration between investigators in Costa Rica (ACIB-FUNIN) and the National Cancer Institute. CVT was a blinded, randomized, phase III clinical trial of the bivalent HPV 16/18 virus-like particle (VLP) vaccine developed by investigators at NCI and other research institutions, and manufactured by GlaxoSmithKline Biologicals. Its aims were to evaluate vaccine efficacy, immunological correlates of long-term vaccine success and failure, and other factors of immunological and etiological interest. The trial was initiated in June 2004 and enrollment of 7,466 women aged 18-25 years was completed in December 2005. Eligible participants were consented and randomized to receive three doses of the HPV 16/18 VLP or Havrix (Hepatitis A) vaccine over a period of six months. At entry and throughout follow-up, women were carefully monitored and received state-of-the-art screening for cervical neoplasia. During the blinded phase, women were followed for four years.	DCEG_005	https://dceg.cancer.gov/research/who-we-study/cohorts/costa-rica-vaccine-trial	Aimee R. Kreimer		Division of Cancer Epidemiology & Genetics (DCEG)	35709811;32091594;32091596;33271093;22586631;18640170					Clinical Trial	Multiple Cancer Types	7466						2004	2005	18	25
dataset	b770007a-dfc8-56a1-b819-4282cf86beb3	DCEG Cohorts	GEMShare	North of Iran is part of the 'Asian esophageal cancer belt', which has some of the highest rates of esophageal cancer (EC) in the world. The earliest reports of high incidence of esophageal cancer in the northern parts of Iran date back to the early 1970s. A population-based cancer registry established in 1969 confirmed the high incidence of the cancer in the eastern portion of the Caspian Sea littoral, in the area which is now known as Golestan Province. The highest incidence rates were reported from the semi-desert plain settled mainly by people of Turkmen ethnicity in Gonbad and Kalaleh counties. A series of studies was conducted in the region in the 1970s, but was not conclusive in explaining the very high rates.  Etiological hypotheses related to diet and lifestyle can be best addressed in prospective cohort studies, in which measurement error can be reduced and recall bias is minimal. From 2002 to 2003, a pilot study of 1,057 subjects was conducted by the Digestive Disease Research Center (DDRC), Tehran University of Medical Sciences, in collaboration with the Mount Sinai School of Medicine, National Cancer Institute (NCI), and International Agency for Research on Cancer (IARC), to evaluate the logistical aspects of establishing a prospective study in Golestan. Subsequently, the Golestan Cohort Study (GCS) was launched in January 2004. The study protocol and the informed consent used for this study were approved by the relevant ethical review committees. In June 2008, the accrual goal of 50,000 subjects was reached and enrollment was closed. Yearly follow-up and linkage to local cancer registry is ongoing; repeated exposure assessments were conducted for about 20% of the cohort in 2012 and 2017.  The primary aims of the GCS are to: Identify risk factors for a number of outcomes by a comprehensive assessment of ethnicity; occupational history; socioeconomic status; past medical history; family history of cancers; gastrointestinal symptoms and signs; tobacco, opium and alcohol use; oral health; anthropometric characteristics; physical activity; and tea drinking habits, including tea temperature. These outcomes include (but are not limited to): upper GI (esophageal and gastric) cancers; other cancers; overall and cause-specific mortality; other common chronic disease, such as ischemic heart disease. Establish biospecimen banks for blood, urine, hair, and nail samples to be used in molecular and genetic studies of cross-sectional or nested case-control design. Provide a model for population-based studies in a country in economic and social transition based on collaboration between local health workers, local health authorities, national research centers, the national government, and international research institutions.	DCEG_006	https://dceg2.cancer.gov/gemshare/	Arash Etemadi, Christian Abnet, Farin Kamangar, Paolo Boffetta, Paul Brennan, Reza Malekzadeh		Division of Cancer Epidemiology & Genetics (DCEG)	19800783;27957288					Etiology	Esophageal Cancer	50045						2004	2008	40	75
dataset	5906b8ed-d765-5c83-88ec-05d5a05c1d18	DCEG Cohorts	Get the Facts about Exposure to I-131 Radiation	Information and resources for Americans exposed to I-131 (a form of radioactive iodine) through fallout from above-ground nuclear testing in the 1950s and early 60s.	DCEG_007	https://www.cancer.gov/about-cancer/causes-prevention/risk/radiation/i-131	Not Reported		Division of Cancer Epidemiology & Genetics (DCEG)						Etiology	Thyroid Cancer			https://www.cancer.gov/types/thyroid;https://radiationcalculators.cancer.gov/fallout							
dataset	6d6ae451-886d-59ec-8f39-da9fda9c1086	DCEG Cohorts	Glycemic Index Values Database	Database that provides glycemic index values for common foods. Glycemic load can be calculated for each portion size of food consumed using these numbers.	DCEG_008	https://epi.grants.cancer.gov/dhq/database/#gl	Andrew Flood		Division of Cancer Epidemiology & Genetics (DCEG)	16503230;10933275;12081815					Database	Diabetes										
dataset	1c48e26c-bc85-5fa1-851f-b32d612e1b0a	DCEG Cohorts	NCI Cancer Atlas	NCI Cancer Atlas is a mapping tool designed to provide visualization of national cancer data. The tool enables users to create maps of cancer statistics, demographics, and risk factors for use in research. The Atlas was expanded with cancer mortality data previously available through the legacy Cancer Mortality Maps application. 	DCEG_009	https://gis.cancer.gov/canceratlas/	Not Reported		Division of Cancer Epidemiology & Genetics (DCEG)						Geographical	Multiple Cancer Types										
dataset	71ef6b15-dcdd-5303-928f-40382b2c65fe	DCEG Cohorts	NHANES 2011-2014 Sleep Data	The released data, 'NHANES Preliminary Day Level Output', consists of various sleep metrics that were generated using accelerometer data from the 2011-2014 National Health and Nutrition Examination Survey. Data was processed using the open-source R package GGIR.	DCEG_010	https://www.datalumos.org/datalumos/project/240826/version/V3/view	Charles E. Matthews		Division of Cancer Epidemiology & Genetics (DCEG)	41266158					Etiology	Sleep Health	13656						2011	2014	3	80
dataset	f4b581b8-fa3c-5104-aec2-d2c79839876d	DCEG Cohorts	NIH-AARP Diet and Health Study	The NIH-AARP (formally known as the American Association of Retired Persons) Diet and Health Study was initiated to investigate relations among diet, lifestyle, and cancer. In 1995 and 1996, the study recruited more than 560,000 AARP members, aged 50 to 71 years, who resided in one of six states (California, Florida, Pennsylvania, New Jersey, North Carolina, and Louisiana) or in two metropolitan areas (Atlanta, Georgia, and Detroit, Michigan). The baseline questionnaire collected information on diet and some lifestyle factors, such as smoking, physical activity, and reproductive history. Subsequently in 1996 and 1997, the study mailed the participants a Risk-Factor Questionnaire which asked additional questions about health history, lifestyle, and behavior. In 2004 to 2006, a follow-up questionnaire was administered that included questions about medication and supplement usage. Cancer incidence is ascertained through a linkage of the cohort to 11 state cancer registries (8 catchment area states plus Arizona, Nevada, and Texas).  Vital status is ascertained through searches of the National Death Index Plus.	DCEG_011	https://dceg.cancer.gov/research/who-we-study/nih-aarp-diet-health-study	Rashmi Sinha		Division of Cancer Epidemiology & Genetics (DCEG)	11744517;25628179;22591295;36136331;35929779;32658243;31289812;29778967;22218159;22539073					Etiology	Multiple Cancer Types	566398		http://dietandhealth.cancer.gov/;https://pubmed.ncbi.nlm.nih.gov/collections/62019178/?sort=pubdate				1995	1996	50	71
dataset	dd9f7392-f444-5744-8b9b-97f85df120ee	DCEG Cohorts	Prostate, Lung, Colon, and Ovary (PLCO) Prospective Study	PLCO is a large NCI trial (n=155,000) that evaluated screening for early detection of prostate, lung, colon, and ovarian cancer. In addition to these aims, it is widely used as an observational cohort for early detection and etiologic studies. Starting in 1993, participants were randomized in equal proportions to an intervention arm (n=77,500), which received trial screening, or to a control arm (n=77,500), which received usual care. Intervention arm participants provided annual blood samples for six years, whereas control arm participants provided a single oral wash sample. All participants have been followed for cancer incidence and mortality since enrollment in 1993. The large size of this cohort and availability of serial samples make PLCO a unique and widely used resource for etiologic and early detection studies. More than 290 projects have been approved to use the biological resources in the cohort so far, as have more than 720 data-only projects and 54 projects to use PLCO images. PLCO participates in more than 30 consortia and has resulted in more than 1000 publications to date. Highlights include playing a key role in the discovery of nearly three-quarters of the known genomic susceptibility loci for cancer identified in genome-wide association studies; studies of acquired mutations; and studies of obesity and physical activity.	DCEG_012	https://dceg.cancer.gov/research/who-we-study/cohorts/prostate-lung-colon-ovary-prospective-study	Steven Moore		Division of Cancer Epidemiology & Genetics (DCEG)	24115361;38926075;39869547;39841869;39810880;39810211;39809769;39808122;39804038;39798695					Etiology	Multiple Cancer Types	154907						1993	2001	55	74
dataset	0539ed5a-1a84-5587-bad6-55b71463919e	DCEG Cohorts	The PLCO Atlas, GWAS Explorer	The PLCO Atlas is an interactive tool that enables researchers to search for, visualize, and download aggregated association results from the PLCO genome-wide association analyses (GWAS). The resource includes genotype data of 110,562 PLCO subjects (on 5 different Illumina arrays and the imputed data against the TopMed reference panel 5b through the Michigan Imputation Server) as well as a comprehensive list of over 200 phenotypes collected from questionnaire data, linkage to medical records, cancer registries, and the National Death Index.	DCEG_013	https://dceg.cancer.gov/tools/public-data/plco-atlas	Mitchell J. Machiela		Division of Cancer Epidemiology & Genetics (DCEG)	36635305					Analytic Tool	Multiple Cancer Types	110562		https://exploregwas.cancer.gov/#/							
dataset	8e1d5654-6cd9-5f01-80be-de8fb7ecfaa2	DCEG Cohorts	The TP53 Database	The TP53 Database is meant to be a source of information on TP53 variants for a broad range of scientists and clinicians who work in different research areas: (1) Basic research, to study the structural and functional aspects of the p53 protein and the TP53 gene; (2) Molecular pathology of cancer, to understand the clinical significance of TP53 variants identified in cancer patients; (3) Molecular epidemiology of cancer, to analyze the links between specific exposures and TP53 variant patterns in order to make inferences about possible causes of cancer; and (4) Molecular genetics, to analyze genotype/phenotype relationships.	DCEG_014	https://dceg.cancer.gov/tools/public-data/tp53-database	Sharon A. Savage		Division of Cancer Epidemiology & Genetics (DCEG)	35352025	HHSN261201500003C;Z01CP010144;R01GM106174	10/25/2021			Database	Multiple Cancer Types			https://tp53.cancer.gov/	TP53						
dataset	b8eb0c9b-bdd5-5b48-8767-a9e4b7fed25b	DCEG Cohorts	Virtual Pooled Registry Cancer Linkage System	The Virtual Pooled Registry Cancer Linkage System (VPR-CLS) is a secure online service designed to: (1) Efficiently connect researchers performing minimal risk linkage studies with multiple U.S. population-based cancer registries; (2) Perform linkages utilizing a single cohort file, standard linkage software, and consistent matching algorithms; (3) Provide researchers with initial aggregate match count results across participating registries (Phase I); and (4) Streamline the process of applying for release of individual-level data on matched cases (Phase II). Coordinated by the North American Association of Cancer Registries (NAACCR) with funding from the National Cancer Institute, the VPR-CLS provides a single location to facilitate timely access to and use of high quality cancer surveillance data for minimal risk linkage studies. Use of an automated, standard linkage methodology and streamlined application process will significantly reduce the level of effort researchers and registries must dedicate to the linkage and approval process. The technology for the VPR-CLS has been developed by Information Management Services, Inc. (IMS), which also serves as the system's third party honest broker.	DCEG_015	https://www.naaccr.org/about-vpr-cls/	Castine Clerkin		Division of Cancer Epidemiology & Genetics (DCEG)	39102879;36250490	75N91021D00018	2/1/2022			Linkage System	Multiple Cancer Types										
dataset	de37484c-e369-50d2-9ac5-5215a2cb87e4	DCEG Cohorts	Connect for Cancer Prevention Study	The Connect for Cancer Prevention Cohort Study is a new prospective cohort of 200,000 adults in the United States designed to further investigate the etiology of cancer and its outcomes, which may inform new approaches in precision prevention and early detection. The new cohort capitalizes on research innovations to advance the field of cancer epidemiology and prevention including: (1) New technologies for exposure assessment (e.g., tracking and sensors to measure behavior and environment); (2) Large-scale analyses of the genome, epigenome, transcriptome, proteome, metabolome, microbiome; (3) Molecular profiling of tumors and precursor lesions.	DCEG_016	https://dceg.cancer.gov/research/who-we-study/cohorts/connect	Mia Gaudet		Division of Cancer Epidemiology & Genetics (DCEG)						Etiology	Multiple Cancer Types	200000		https://github.com/episphere/connect/wiki;https://www.cancer.gov/connect-prevention-study/				2021	2026	30	70
dataset	3b0f7d29-cc04-5bcd-81f9-acf7ae5f539a	DCEG Cohorts	Shanghai Women's Health Study	The Shanghai Women's Health Study (SWHS), a collaborative study by DCEG's Occupational and Environmental Epidemiology Branch (OEEB), Vanderbilt University, and the Shanghai Cancer Institute, is a prospective cohort study of approximately 75,000 Chinese women who were recruited between 1997 and 2000. Members of the cohort have been followed through multiple in-person interviews to obtain information on diet, occupational and environmental exposures, and various lifestyle factors. Information from the follow-ups is linked to vital records and the tumor registry to obtain information on disease. Special characteristics of the cohort include the following: It is a population-based sample with very high response rates; it is composed of almost entirely never-smokers; and it uses a detailed exposure database that includes tens of thousands of workplace measurements collected over many decades in Shanghai. Over the years, data and biological samples (blood/buccal cell and urine) collected in the SWHS have been used to evaluate many important etiologic hypotheses and support multiple studies. Most recently, nested case-control molecular epidemiology studies and occupational exposure analyses of lung cancer, brain cancer, and non-Hodgkin lymphoma have been conducted.	DCEG_017	https://dceg.cancer.gov/research/who-we-study/cohorts/shanghai-prospective-study-women-china	Qing Lan		Division of Cancer Epidemiology & Genetics (DCEG)	35609672;33318237;31539079					Etiology	Multiple Cancer Types	75000						1997	2000		
dataset	82639d70-0dd5-5fc1-9b9e-cf12c0e5e867	DCEG Cohorts	Benzene-Exposed Workers	Benzene is a widely distributed environmental contaminant known to cause acute myeloid leukemia, aplastic anemia, and perhaps other hematopoietic neoplasms, related hematopoietic disorders, and possibly other cancers. In a binational, multidisciplinary effort, investigators from NCI and the Chinese Centers for Disease Control have conducted a follow-up investigation during 1972-87 of approximately 75,000 Chinese benzene-exposed workers and 35,000 unexposed workers from more than 700 factories in 12 cities. Investigators from the Occupational and Environmental Epidemiology Branch, the Radiation Epidemiology Branch, the Biostatistics Branch and the Chinese collaborators found that workers exposed to benzene were at significantly higher risk of developing acute myeloid leukemia, myelodysplastic syndromes, and non-Hodgkin lymphoma. Risk varied by temporal patterns of exposure with recent exposure mostly strongly linked with acute myeloid leukemia and myelodysplastic syndrome, whereas distant exposure was more strongly associated with non-Hodgkin lymphoma.	DCEG_018	https://dceg.cancer.gov/research/what-we-study/benzene-exposed-workers	Qing Lan		Division of Cancer Epidemiology & Genetics (DCEG)	30520970;15576619					Etiology	Multiple Cancer Types	110000						1972	1999		
dataset	09f1ac42-f5bc-5009-baea-6b56ed739728	DCEG Cohorts	Cohort Mortality Study of Dry Cleaning Industry Workers	Dry cleaning industry workers are exposed to tetrachloroethylene and other chlorinated solvents that are possibly carcinogenic to humans. In order to investigate the cancer mortality patterns associated with employment and exposures in the dry cleaning industry, DCEG investigators from the Occupational and Environmental Epidemiology Branch conducted a retrospective cohort study of 5,369 workers who were members of a dry cleaning union in St Louis, Missouri, between 1948 and 1978 for at least one year.	DCEG_019	https://dceg.cancer.gov/research/who-we-study/cohorts/dry-cleaners-cohort	Mark Purdue		Division of Cancer Epidemiology & Genetics (DCEG)	30721169					Etiology	Multiple Cancer Types	5369						1993	2014		
dataset	1657fb11-9276-5f80-8f99-cf596b21d10e	DCEG Cohorts	Cohort Mortality Study of Philadelphia Firefighters	Firefighting is a hazardous occupation that involves excess risk of deaths from accidents, cardiovascular disease, and respiratory disease. There is also concern that firefighters may experience excess risk of cancer, particularly since the widespread introduction of synthetic building materials and furnishings. To address this question, DCEG investigators from the Occupational and Environmental Epidemiology Branch conducted a cohort study examining the mortality rate among 7,789 firefighters employed by the City of Philadelphia between 1910 and 1987. Later, these data were pooled with other studies to form a cohort totaling 29,993 U.S. firefighters. The findings from these studies, to date, suggest that firefighters experience elevated risk of death from leukemia and digestive, respiratory, and urinary cancers.	DCEG_020	https://dceg.cancer.gov/research/who-we-study/cohorts/firefighters-cohort	Mark Purdue		Division of Cancer Epidemiology & Genetics (DCEG)	36268894;31896615;25673342;24142974;11333408					Etiology	Multiple Cancer Types	29993						1950	2009		
dataset	ed2bfa2d-9832-5b6d-b071-d52f34be60d8	DCEG Cohorts	Diesel Exhaust in Miners Study (DEMS)	In March 2012, the National Cancer Institute (NCI) and the National Institute for Occupational Safety and Health (NIOSH) completed a retrospective cohort mortality and nested case-control study within the Diesel Exhaust in Miners Study (DEMS) cohort. The researchers investigated risk of lung cancer in relation to quantitative measures of historical exposure to diesel exhaust, after taking into account smoking and other lung cancer risk factors among 12,315 workers at eight non-metal mining facilities. Elevated mortality from other causes among diesel exhaust-exposed miners was examined as well. An extensive effort to characterize current and historical exposures to diesel exhaust and to develop estimates of personal exposures was an intrinsic part of the study. Their results were published in the Journal of the National Cancer Institute. The methods for this effort were published in five papers in the Annals of Occupational Hygiene.	DCEG_021	https://dceg.cancer.gov/research/what-we-study/diesel-exhaust-miners-study-dems	Stella Koutros		Division of Cancer Epidemiology & Genetics (DCEG)	22393207;30137203;30489348;31711661					Etiology	Multiple Cancer Types	12315						1947	1967		
dataset	4c3d31cd-8c3a-509e-9a82-a49ab7dc0f5b	DCEG Cohorts	Study of Mortality in Radiologists and Physicians Performing Fluoroscopically-guided Interventional Procedures	The introduction and dramatic growth in the use of fluoroscopically-guided interventional (FGI) procedures over the past few decades transformed clinical practice and has provided tremendous benefits to patients over conventional surgery. However, the complexity of these procedures, combined with increasing workloads for the medical staff who perform or assist with them, have raised concerns about occupational radiation exposure and associated long-term health risks. A large cohort of physicians likely to have performed FGI procedures was assembled from the American Medical Association Physician Masterfile; this included physicians with a primary or secondary specialty of interventional cardiology, cardiac electrophysiology, or other cardiovascular specialties; vascular and interventional radiology; and endovascular surgical neuroradiology or neuroradiology (hereafter designated neuroradiology). Physicians unlikely to have been exposed to radiation were used as the comparison group. The cohort was linked with the National Death Index to ascertain causes of death through the year 2008.	DCEG_022	https://dceg.cancer.gov/research/who-we-study/cohorts/interventional-fluoroscopists	Cari Kitahara		Division of Cancer Epidemiology & Genetics (DCEG)	28234559					Etiology	Multiple Cancer Types	110035						1979	2008		
dataset	b6b7054c-3e3a-5324-a200-4c03f4061fb3	DCEG Cohorts	NCI Acrylonitrile Cohort	Acrylonitrile is a commercially important chemical used in the production of synthetic fibers and resins, plastics, nitrile rubbers, and many other products. Results from animal bioassays and epidemiologic studies suggest it might cause cancers of the lung, brain, prostate, stomach, hematopoietic and lymphatic systems. However, findings from early epidemiologic studies were inconsistent and inconclusive due to being underpowered and lack of exposure characterization. The NCI Acrylonitrile Cohort is a study of 25,460 workers employed at eight facilities that produce or use acrylonitrile in the United States. Follow-up of this cohort through 1989 found no elevated risk for any cancer, but there was an excess for lung cancer in the highest quintile of cumulative exposure more than 20 years after first exposure.	DCEG_023	https://dceg.cancer.gov/research/who-we-study/cohorts/nci-acrylonitrile-cohort	Stella Koutros		Division of Cancer Epidemiology & Genetics (DCEG)	38769004;9714511					Etiology	Multiple Cancer Types	25460						1969	1989		
dataset	7056de4f-85bf-59eb-898c-79a0d4c95cfd	DCEG Cohorts	U.S. Radiologic Technologists Cohort (USRT) - The Rad Tech Study	The Rad Tech Study began in 1982 by identifying 146,022 current and former radiologic technologists who were certified by the American Registry of Radiologic Technologists (ARRT) for at least two years from 1926 through 1982. The study cohort includes technologists certified in radiography, nuclear medicine, radiation therapy, and other imaging specialties. More than 110,000 radiologic technologists - current and former - have completed one or more questionnaires about their work history, health status, and other factors. Through their participation, we are learning more each year about radiation and health.	DCEG_024	https://dceg.cancer.gov/research/who-we-study/cohorts/us-radiologic-technologists	Cari Kitahara		Division of Cancer Epidemiology & Genetics (DCEG)	39115885;38599279					Etiology	Multiple Cancer Types	146022						1982	2014		
dataset	f9e92f77-eb24-5f45-8e3f-a4457fed9696	DCEG Cohorts	Biliary Longitudinal Study (BiLS)	Chile BiLS is a cohort of women with gallstones in Chile, which has among the highest rates of gallbladder cancer (GBC) in the world. GBC is one of the rare cancers that is more common in women than in men. Gallstones are the most important risk factor for gallbladder cancer, being found in upwards of 90% of cases, but most individuals with gallstones do not develop gallbladder cancer. Since many of the same factors that increase the risk of gallstones also increase the risk of gallbladder cancer, a critical question is 'what drives the development of GBC in the context of gallstones?'	DCEG_025	https://dceg.cancer.gov/research/cancer-types/biliary-tract-bile-duct/bils	Jill Koshiol		Division of Cancer Epidemiology & Genetics (DCEG)	33574564;33524121					Etiology	Gallbladder Cancer	4727						2016	2019		
dataset	90b2e1f6-ddcf-5765-abca-0ad615d37c3b	DCEG Cohorts	Childhood Cancer Survivor Study	The Childhood Cancer Survivor Study (CCSS) was established in the early 1990s as a cohort of more than 14,000 childhood cancer survivors from 26 centers in North America who were originally diagnosed between 1970 and 1986.	DCEG_026	https://dceg.cancer.gov/research/who-we-study/cohorts/childhood-cancer-survivors	Lindsay Morton		Division of Cancer Epidemiology & Genetics (DCEG)	Over 500 associated publications. See Related Link(s) below.					Clinical Trial	Multiple Cancer Types	25735		https://ccss.stjude.org/;https://ccss.stjude.org/published-research/publications.html				1995	2026	0	21
dataset	3be8d7ff-8ea3-5939-86e7-80dca4a9978f	DCEG Cohorts	The NCI DES Follow-up Study	The NCI DES Follow-up Study is a nationwide research study following more than 21,000 women and men to learn as much as possible about the long-term health effects of exposure to diethylstilbestrol (DES). Between the mid-1940s and early 1970s, DES was given to millions of pregnant women to prevent miscarriage. In 1971, data demonstrated a connection between a mother's use of DES during pregnancy and the occurrence of cancer of the vagina in her daughters. Soon after, the Food and Drug Administration notified healthcare providers throughout the country that DES should not be prescribed to pregnant women. The drug continued to be prescribed to pregnant women in Europe until 1978.	DCEG_027	https://dceg.cancer.gov/research/what-we-study/des-study	Gretchen Gierach		Division of Cancer Epidemiology & Genetics (DCEG)	21991952;41590827;38422500;30049842;33112220					Etiology	Multiple Cancer Types	21000						1992	2026		
dataset	abc42dd6-7243-55ce-8a4e-731136fe38a2	DCEG Cohorts	ESCUDDO HPV Vaccine Efficacy Trial	ESCUDDO was part of the Cancer Moonshot Initiative. The trial results were published in December 2025, showing non-inferiority of one dose, compared to two doses. Two doses was the global gold standard in young girls until late 2022, when the WHO provided an alternative, off-label recommendation for providing two or one doses. In the U.S., HPV vaccines were licensed for two doses in younger recipients and three doses in older recipients. In January 2026, the Department of Health and Human Services announced plans for the CDC to revise its recommendation to just one dose of this vaccine, citing 'recent scientific studies have shown that one dose of the HPV vaccine is as effective as two doses.' 	DCEG_028	https://dceg.cancer.gov/research/cancer-types/cervix/escuddo	Aimee R. Kreimer		Division of Cancer Epidemiology & Genetics (DCEG)	41337735					Clinical Trial	Cervical Cancer	27945						2017	2028		
dataset	ed2bdf12-184d-565e-a83a-ab93c78f12cc	DCEG Cohorts	Bone Density and Cancer Risk: A Follow-Up Study of Women in the Fracture Intervention Trial (BFIT)	Bone density has emerged as a potentially important predictor of risk for certain cancers that are influenced by hormones, such as breast and endometrial cancers. In 1992, over 25,000 postmenopausal women volunteered for FIT, a clinical trial to determine whether the drug alendronate could reduce the incidence of osteoporosis fractures. The BFIT study is a retrospective cohort study that uses data from the FIT clinical trial to evaluate how bone mineral density of the hip is related to subsequent cancer risk; including a nested case-cohort study of circulating sex steroid hormones in relation to breast, endometrial, ovarian, and colorectal cancer risk. NCI and FIT investigators contacted FIT volunteers to identify incident cancers, and to evaluate whether risk factor information collected in 1992, such as measured bone mineral density, lifestyle factors, and certain growth factors, predicts subsequent cancer risk. Collection of additional risk factor information during this follow-up, including updated lifestyle factors and a buccal cell sample for genetic analyses, is allowing investigators to further explore the complex relationships between bone mass and other risk factors for breast, endometrial, and other cancers. Currently underway are efforts to understand associations between androgens and androgen metabolites as well as progesterone-related metabolites and breast cancer risk and the interrelationships between bone mass and endogenous hormones and risk of breast, endometrial, and other cancers.	DCEG_029	https://dceg.cancer.gov/research/who-we-study/cohorts/bone-density-fit-study	Gretchen Gierach		Division of Cancer Epidemiology & Genetics (DCEG)	34465588;26728471;24213602;23222000					Etiology	Multiple Cancer Types	25000						1992	2004		
dataset	c6903a35-dbd8-5f8c-b226-0bb85d677000	DCEG Cohorts	HIV/AIDS Cancer Match Study	People with HIV have a higher risk of certain types of cancer, because HIV infection weakens the immune system, and because many other cancer risk factors are common among people with HIV. Investigators at the NCI seek to understand better the role of the immune system and certain infections in the development of cancer. Understanding patterns of cancer occurrence in the population of people with HIV may help identify important opportunities for cancer prevention.	DCEG_030	https://dceg.cancer.gov/research/who-we-study/cohorts/hiv-aids-cancer-match-study	Eric A. Engels;Meredith S. Shiels		Division of Cancer Epidemiology & Genetics (DCEG)	37632787;37399095;35575389					Etiology	Multiple Cancer Types	850000						1996	2019		
dataset	6c5dddb7-d93e-5400-8d05-7ae1ba792ee6	DCEG Cohorts	Nutrition Intervention Trials	The Nutrition Intervention Trials (NIT) were launched in 1985 as randomized controlled trials which tested the effects of multiple vitamin and mineral interventions on total mortality and total and cause-specific cancer mortality in a rural Chinese population. The original goal of the NIT was to evaluate the role of nutrition in the etiology and prevention of upper gastrointestinal cancers in over 32,000 residents in Linxian, China.	DCEG_031	https://dceg.cancer.gov/research/cancer-types/stomach-gastric/nutrition-intervention-trials	Christian Abnet		Division of Cancer Epidemiology & Genetics (DCEG)						Etiology	Multiple Cancer Types	32000						1991	2026		
dataset	dcc58ed8-20d4-5c41-a449-5766520cf7e0	DCEG Cohorts	PRIMAVERA Immunobridging Trial	Human papillomavirus (HPV) vaccination successfully prevents targeted HPV infections, and related precancerous lesions, and ultimately has the potential to substantially reduce cervical and other HPV-related cancers. Despite the established efficacy and safety of the HPV vaccine, most girls living in areas that bear the greatest risk for cervical cancer are not being vaccinated. The cost and logistical difficulties of the multiple-dose schedule have been a significant impediment to vaccination uptake and the prevention of cervical cancer and its associated mortality.	DCEG_032	https://dceg.cancer.gov/research/cancer-types/cervix/primavera	Aimee R. Kreimer		Division of Cancer Epidemiology & Genetics (DCEG)	40683285					Clinical Trial	Cervical Cancer	1240						2019	2024	9	25
dataset	cb2ad64e-5e83-57bd-9aac-8a040b4fd474	DCEG Cohorts	PRISMA Efficacy Trial	Cervical cancer, which affects more than half a million women around the world annually, could be nearly eliminated with a combination of increased uptake of the prophylactic human papillomavirus (HPV) vaccine, and cervical cancer screening and diagnostic follow-up and treatment of precancers. As of 2022, fewer than 15% of age-eligible girls globally received even a single dose; a similarly low proportion of women receive cervical cancer screening. Rapid gains in access to and uptake of HPV vaccination are needed to avert the millions of projected HPV-related cervical cancers expected over the coming decades as the global population ages.	DCEG_033	https://dceg.cancer.gov/research/cancer-types/cervix/single-dose-vaccine-prisma-escuddo-trial	Aimee R. Kreimer		Division of Cancer Epidemiology & Genetics (DCEG)	41276263					Clinical Trial	Cervical Cancer	5000						2022	2026	18	30
dataset	727f1879-607b-5086-a35b-6eb693813ff7	DCEG Cohorts	Pediatric Proton and Photon Therapy Comparison Cohort	Radiotherapy is routinely used to treat cancer, including pediatric malignancies. This approach is often curative. However, radiotherapy is known to cause considerable morbidity and elevate risks for second cancers. New modalities, such as proton beam therapy, have been developed to reduce radiation dose to surrounding healthy tissue and, consequently, the risk of developing cancer at those sites. The magnitude of the purported reduction in risk of second cancers remains uncertain. No randomized clinical trials comparing the two radiotherapy types have been conducted in children, who are more susceptible to the late effects of radiation compared to adults. Observational studies on this topic, while generally reassuring, have had important methodological limitations. The Pediatric Proton and Photon Therapy Comparison Cohort aims to meet this need. Findings from this study will inform clinical practice for pediatric cancer patients by providing the first large-scale systematic comparison of the risk of second cancers from proton compared to photon therapy. 	DCEG_034	https://dceg.cancer.gov/research/who-we-study/cohorts/pediatric-proton-photon-therapy-comparison-cohort	Cari Kitahara		Division of Cancer Epidemiology & Genetics (DCEG)	28721911;31509813;32726766					Etiology	Multiple Cancer Types	20000								0	22
dataset	53fe0f1b-64dd-5ef1-8d3a-3267de90dbca	DCEG Cohorts	RASopathies Study	RASopathies are a group of syndromes, also called conditions or disorders, caused by changes in genes that send signals across the Ras/mitogen-activated protein kinase (Ras/MAPK) pathway. This pathway helps systems in the body to grow and work properly. The genetic changes associated with most RASopathy syndromes are often sporadic. This means that, typically, there are not multiple family members with the same syndrome.  While there are different RASopathies (currently, fewer than 10 disorders) and each syndrome has unique features, some common features include heart defects, skin, bone, eye and muscle problems, short stature, learning problems, differences in appearance and an increased risk of developing benign and cancerous tumors. Even within the same syndrome, some individuals have few problems, while others have many.	DCEG_035	https://dceg.cancer.gov/research/what-we-study/rasopathies	Gina Ney		Division of Cancer Epidemiology & Genetics (DCEG)						Etiology	Multiple Cancer Types			https://rasopathies.cancer.gov/							
dataset	8ae2dfad-2380-56bc-a49c-416e84a65e36	DCEG Cohorts	Retinoblastoma Survivors Follow-up Study	DCEG researchers are studying survivors of retinoblastoma (Rb), a cancer that forms in the tissues of the retina (the light-sensitive layers of nerve tissue at the back of the eye). Rb usually occurs in children younger than five years and may be hereditary or nonhereditary (sporadic).?Sporadic Rb affects just one eye whereas hereditary typically Rb affects both eyes. For the past 30 years, investigators in DCEG have been studying Rb survivors to determine the long-term health effects for these individuals who were treated in childhood. Fortunately, treatment has a very high success rate and many survivors enjoy long productive lives, although some survivors may experience increased risks for developing new cancers.	DCEG_036	https://dceg.cancer.gov/research/cancer-types/retinoblastoma	Lindsay Morton		Division of Cancer Epidemiology & Genetics (DCEG)	33917779					Etiology	Retinoblastoma	2136						1984	2006		
dataset	6902cb5a-d5c3-53ce-a946-8305eb0528ea	DCEG Cohorts	Second Primary Gastrointestinal Cancers	DCEG investigators are leading a multi-center international study of second primary gastrointestinal (GI) cancers among survivors of Hodgkin lymphoma and cancers of the testis, breast, and cervix. This is the first study to comprehensively investigate the radiation dose-response for upper GI cancers following fractionated, higher dose radiation exposures. It is also one of the few studies to investigate the risk of secondary, non-hematologic malignancies following treatment with chemotherapy. The primary aim of the study is to provide new information on the relation between radiation dose and cancer risk for three GI organs (stomach, esophagus, and pancreas), for which few quantitative data exist.	DCEG_037	https://dceg.cancer.gov/research/who-we-study/cohorts/second-gastrointestinal-cancer	Lindsay Morton		Division of Cancer Epidemiology & Genetics (DCEG)						Etiology	Gastrointestinal Cancers	900000									
dataset	37467342-535e-5aea-aab8-d15474778f1e	DCEG Cohorts	Follow-up Studies of Women Evaluated and Treated for Infertility	Infertility has long been recognized as a risk factor for various cancers, including breast and gynecologic cancers. More recently, concern has been raised regarding effects of drugs used to treat infertility, particularly since these drugs stimulate ovulation and raise endogenous estrogen levels. Investigators in DCEG have been involved with a number of investigations to clarify effects of fertility drug exposures on risk of various cancers.	DCEG_038	https://dceg.cancer.gov/research/who-we-study/cohorts/infertility-treated-women-follow-up-study	Katherine McGlynn		Division of Cancer Epidemiology & Genetics (DCEG)	15172852;15302291;15217997;15705362;15781949;15951668;16150258;19939368;23943795;24011610;24700523;25042052   					Etiology	Multiple Cancer Types	12193		https://dceg.cancer.gov/research/who-we-study/cohorts/publications-infertility							
dataset	6c0a1599-d769-56bf-9e07-551a74c6a840	DCEG Cohorts	Transplant Cancer Match Study	Solid organ transplantation provides life-saving therapy for patients with end-stage organ disease. However, because solid organ transplant recipients receive long-term immunosuppressant medications to prevent organ rejection, they have an elevated risk of cancer that is two to four times higher overall than the risk seen in the general population. Much of the increased risk is related to a high risk for cancers caused by viral infections. The most common of these virus-related cancers is non-Hodgkin lymphoma, which is frequently caused by Epstein-Barr virus. Other virus-related cancers include Kaposi sarcoma (caused by human herpesvirus 8); cancers of the cervix, vagina, vulva, penis, anus, and oral cavity (caused by human papillomavirus); and liver cancer (caused by hepatitis C and B viruses). Certain other malignancies, such as cancers of the lung, kidney, and thyroid, are also increased in transplant recipients. In addition, skin cancers (especially squamous cell and basal cell carcinomas, but also melanoma) occur at an elevated frequency.	DCEG_039	https://dceg.cancer.gov/research/who-we-study/cohorts/transplant-cancer-match	Eric Engels		Division of Cancer Epidemiology & Genetics (DCEG)	35262623;34678077;32462187;30624768					Etiology	Multiple Cancer Types	511000						1987	2019		
