accession,name,description,Parent study,Study Disease/Focus,Study Design,Study Markerset,Study Molecular Data Type,Study Content,Ancestry (computed),NIH Institute,Study Consent,Release Date,Embargo Release Date,Related Terms,Collections
"phs004139.v1.p1","NCTN: Treatment for Very Low and Standard Risk Favorable Histology Wilms    Tumor (AREN0532)","Study ID: AREN0532 NCT Numbers: NCT00352534 Children's Oncology Group Submitted in collaboration with the NCTN/NCORP Data Archive Trial Title: NCTN: Treatment for Very Low and Standard Risk Favorable Histology Wilms  Tumor (AREN0532) Trial Description: This phase III trial is studying vincristine, dactinomycin, and doxorubicin with or without radiation therapy","Not Applicable","Wilms Tumor","Clinical Trial","Not Provided","Not Provided","4 phenotype datasets, 78 variables, 3 documents, 1431 subjects","","NCI","GRU-COL --- General Research Use (COL)","2026-07-28","2026-07-28","Kidney Neoplasms; Neoplasm Recurrence, Local; Kidney Tumor; Kidney cancer; Kidney neoplasm; Neoplasia of the kidneys",""
"phs004615.v1.p1","NCTN: A Phase II/III Randomized Trial of Veliparib or Placebo in    Combination with Adjuvant Temozolomide in Newly Diagnosed Glioblastoma    with MGMT Promoter Hypermethylation (A071102)","Study ID: A071102 NCT Number: NCT02152982 Alliance for Clinical Trials in Oncology Submitted in collaboration with the NCTN/NCORP Data Archive Trial Title: NCTN: A Phase II/III Randomized Trial of Veliparib  or Placebo in combination with Adjuvant Temozolomide in Newly Diagnosed Glioblastoma with MGMT Promoter Hypermethylation (A071102) Trial Description","Not Applicable","Glioblastoma","Clinical Trial","Not Provided","Not Provided","4 phenotype datasets, 42 variables, 3 documents, 447 subjects","","NCI","GRU-COL --- General Research Use (COL)","2026-06-22","2026-06-22","Brain Neoplasms; Brain Tumor; Brain Tumors; Brain neoplasm; Brain tumour; Neoplasm of Brain",""
"phs004161.v1.p1","NCTN: A Non-Randomized Phase III Study of Response Adapted Therapy for    the Treatment of Children with Newly Diagnosed High Risk Hodgkin    Lymphoma (AHOD0831)","Study ID: AHOD0831 NCT Number: NCT01026220 Children's Oncology Group (COG) Submitted in collaboration with the NCTN/NCORP Data Archive Trial Title: NCTN: A Non-Randomized Phase III Study of Response Adapted Therapy  for the Treatment of Children with Newly Diagnosed High Risk Hodgkin Lymphoma (AHOD0831) Trial Description: This phase III trial is studying how well","Not Applicable","Hodgkin Disease","Clinical Trial","Not Provided","Not Provided","2 phenotype datasets, 39 variables, 1 documents, 165 subjects","","NCI","GRU-COL --- General Research Use (COL)","2026-06-17","2026-06-17","CHL; Classic Hodgkin disease; Disease, Hodgkin; Disease, Hodgkin's; Disease, Hodgkins; Granuloma, Hodgkin",""
"phs003372.v1.p1","GU16-257: Neoadjuvant Gemcitabine, Cisplatin, Plus Nivolumab in Patients    with Muscle-Invasive Bladder Cancer with Selective Bladder Sparing","This is a phase 2 trial seeking to define the safety and activity of gemcitabine, cisplatin, plus nivolumab as neoadjuvant therapy in patients with muscle-invasive bladder cancer and to define  the role of clinical complete response (cCR) in predicting benefit in patients opting to avoid cystectomy. Primary Objectives 1. Determine the cCR","Not Applicable","Disease-Free Survival","Clinical Trial","Not Provided","Not Provided","2 phenotype datasets, 4 variables, 75 subjects, 1077 samples","","NCI","GRU-COL --- General Research Use (COL), HMB-COL --- Health/Medical/Biomedical (COL), DS-CA-COL --- Disease-Specific (Cancer, COL)","2026-05-21","2026-05-21","Not Provided",""
"phs004231.v1.p1","NCTN: A Randomized, Phase III Study Comparing Carboplatin/Paclitaxel or    Carboplatin/Paclitaxel/Bevacizumab with or without Concurrent    Cetuximab in Patients with Advanced Non-Small Cell Lung Cancer (NSCLC)    (S0819)","Study ID: S0819 NCT Number: NCT00946712 SWOG Cancer Research Network Submitted in collaboration with the NCTN/NCORP Data Archive Trial Title: NCTN: A Randomized, Phase III Study Comparing Carboplatin/Paclitaxel or Carboplatin/Paclitaxel/Bevacizumab  with or without Concurrent Cetuximab in Patients with Advanced Non-small Cell Lung Cancer (NSCLC) (S0819) Trial Description: This randomized phase","Not Applicable","Carcinoma, Non-Small-Cell Lung","Clinical Trial","Not Provided","Not Provided","4 phenotype datasets, 52 variables, 3 documents, 1333 subjects","","NCI","GRU-COL --- General Research Use (COL)","2026-05-06","2026-05-06","Lung Neoplasms; Carcinoma, Non Small Cell Lung; Carcinoma, Non-Small Cell Lung; Carcinomas, Non-Small-Cell Lung; Lung Carcinoma, Non-Small-Cell; Lung Carcinomas, Non-Small-Cell",""
"phs004191.v1.p1","NCTN: A Randomized Phase III Comparison of Standard-Dose (60 Gy) versus    High-Dose (74 Gy) Conformal Radiotherapy with Concurrent and    Consolidation Carboplatin/Paclitaxel +/- Cetuximab in Patients with    Stage IIIA/IIIB Non-Small Cell Lung Cancer (RTOG-0617)","Study ID: RTOG-0617 NCT Number: NCT00533949 NRG Oncology Submitted in collaboration with the NCTN/NCORP Data Archive Trial Title: NCTN: A Randomized Phase III Comparison of Standard-Dose (60 Gy) versus High-Dose  (74 Gy) Conformal Radiotherapy with Concurrent and Consolidation Carboplatin/Paclitaxel +/- Cetuximab in Patients with Stage IIIA/IIIB Non-Small Cell","Not Applicable","Carcinoma, Non-Small-Cell Lung","Clinical Trial","Not Provided","Not Provided","4 phenotype datasets, 106 variables, 3 documents, 544 subjects","","NCI","GRU-COL --- General Research Use (COL)","2026-05-06","2026-05-06","Adenocarcinoma; Lung Neoplasms; ADNOS; Adenocarcinomas; Adenoma, Malignant; Adenomas, Malignant",""
"phs003414.v1.p1","A Randomized Phase 2 Study of Cabozantinib in Combination with Nivolumab    in Advanced, Recurrent Metastatic Endometrial Cancer","This randomized phase II trial studies how well cabozantinib s-malate and nivolumab work in treating patients with endometrial cancer that has come back (recurrent) or spread to other places in  the body (advanced or metastatic). Cabozantinib may stop the growth of tumor cells by blocking some of the enzymes needed for cell growth.","Not Applicable","Endometrial Neoplasms","Clinical Trial","Not Provided","Not Provided","2 phenotype datasets, 5 variables, 78 subjects, 1437 samples","","NCI","GRU --- General Research Use","2026-05-06","2026-05-06","Endometrial Tumor; Endometrial neoplasm; Endometrium Neoplasm; Endometrium Tumor; Neoplasm of Endometrium; Neoplasm of the Endometrium",""
"phs004135.v1.p1","NCTN: Treatment of Children with All Stages of Hepatoblastoma with    Temsirolimus (NSC#683864) Added to High Risk Stratum Treatment    (AHEP0731)","Study ID: AHEP0731 NCT Number: NCT00980460 Children's Oncology Group (COG) Submitted in collaboration with the NCTN/NCORP Data Archive Trial Title: NCTN: Treatment of Children with All Stages of Hepatoblastoma with  Temsirolimus (NSC#683864) Added to High Risk Stratum Treatment (AHEP0731) Trial Description: This phase III trial studies the side effects and how","Not Applicable","Hepatoblastoma","Clinical Trial","Not Provided","Not Provided","12 phenotype datasets, 208 variables, 11 documents, 236 subjects","","NCI","GRU-COL --- General Research Use (COL)","2026-04-14","2026-04-14","Liver Neoplasms; Hepatic Neoplasm; Hepatic Neoplasms; Hepatic tumor; Hepatoma; Liver Neoplasm",""
"phs004225.v1.p1","Radiology Imaging Data Containing Faces from The Cancer Imaging Archive","Effective January 6, 2022, all radiology datasets containing images that could be used to reconstruct a 3D volume resembling a human face were put behind a controlled-access request system to  mitigate potential re-identification risks emerging from advances in facial recognition tools. Inclusion Criteria: Radiology images that could","Not Applicable","Radiology","Collection","Not Provided","Not Provided","1 phenotype datasets, 2 variables, 9605 subjects","","NCI","GRU --- General Research Use","2026-01-16","2026-01-16","Blastoma; CA; CA - Cancer; Cancer; MT; Malignancies",""
