gpa,doc,note
Sharna Tingle, Division of Extramural Operations (DEO),NHGRI/DEO
Aneliya Velkova, Division of Extramural Research (DER),NIAMS/DER
Ping Jin,Transfusion Medicine Department (TMD),CC/OCMO/TMD/CPS
Freddie Pruitt,Center for Cancer Genomics (CCG),also ODS
Barbara Thomas,Center for Cancer Research (CCR),
Abid Al Reza,Center for Cancer Research (CCR),
Kathleen Calzone,Center for Cancer Research (CCR),
Mariam Eljanne,Center for Cancer Training (CCT),
Anil Wali,Center to Reduce Cancer Health Disparities (CRCHD),
Sean Hanlon,Division of Cancer Biology (DCB),Formerly listed as: Center for Strategic Scientific Initiatives (CSSI). He is now the acting deputy director for DCB
Ian Fingerman,Division of Cancer Biology (DCB),
Justin Benavidez,Division of Cancer Biology (DCB),
Emilie Charlisse Caga-Anan,Division of Cancer Control and Population Sciences (DCCPS),
Geoffrey Tobias,Division of Cancer Epidemiology and Genetics (DCEG),
Claire Zhu,Division of Cancer Prevention (DCP),
Natalie Abrams,Division of Cancer Prevention (DCP),"Not found in the system anymore, but formerly listed as DCP"
Grace Mishkin,Division of Cancer Treatment and Diagnosis (DCTD),also CTEP
Eileen Resnick,Division of Cancer Treatment and Diagnosis (DCTD),
Alicia Chou,"Division of Extramural Research (DER), Translational Genomics Research Branch (TGRB)",NIDCR/DER/TGRB
Amanda Garton,"Genes, Environment, and Health Branch (GEHB)",NIEHS/DERT/GEHB
Elaine Collier,National Center for Advancing Translational Sciences (NCATS),NCATS/OD
Catherine Bullen,"FNL contractor for CCDI, so I guess thast why they are listed as ODS?",NCI/OD/ODDDSS/ODS/SPPBA
Sean Burke,"FNL contractor for CCDI, so I guess thast why they are listed as ODS?",NCI/OD/ODDDSS/ODS/SPPBA
Shaojian Gao,Division of Extramural Science Programs (DESP),NEI/DESP
Hiromi Ono,"National Heart, Lung, and Blood Institute (NHLBI)",NHLBI/IOD (not sure what IOD is)
Nidhi Gera,"National Heart, Lung, and Blood Institute (NHLBI)",NHLBI/IOD (not sure what IOD is)
Reed Shabman,Office of Data Science and Emerging Technologies (ODSET),NIAID/OD/OSMO/ODSET
Marcia Fournier,"Division of Extramural Research  (DER), Developmental Biology and Congenital Anomalies Branch (DBCAB)",NICHD/DER/SPODBGBPH/DBCAB
Valerie Cotton,Office of Data Science and Sharing (ODSS),NICHD/OD/ODSS
Jonathan Pollock,Division of Neuroscience and Behavior (DNB),NIDA/DNB/GEDNB
Ludmila Pawlikowska,Division of Digestive Diseases & Nutrition (DDDN),NIDDK/DDDN
Iddil Bekirov,Division of Data Science and Technology (DST),NIMH/DST/IB
Gabriel Lai,Division of Integrative Biological and Behavioral Sciences (DIBBS),"listed formerly as Division of Cancer Control and Population Sciences (DCCPS), now shows NIMHD/DIBBS"
Emily Carifi,Division of Neuroscience (DON),NINDS/DON
Sanjida Rangwala,Information Engineering Branch (IEB),NLM/NCBI/IEB
Shu Hui Chen,"Division of Program Coordination, Planning, and Strategic Initiatives (DPCPSI)",OD/DPCPSI/ODSS
Brandon Wright,Office of Data Sharing (ODS),
Emily Boja,Office of Data Sharing (ODS),
Heather Basehore,Office of Data Sharing (ODS),
Joseph Flores-Toro,Office of Data Sharing (ODS),
Nathaniel Boyd,Office of Data Sharing (ODS),
Ying Huang,Office of Data Sharing (ODS),
Mousumi Ghosh,Office of Data Sharing (ODS),
Hora Salehziyabari,The Information Engineering Branch (IEB),NLM/NCBI/IEB
